Title,Author,ISBN,Bookshelves
"The Chronicles of Narnia - The Lion, the Witch, and the Wardrobe",C.S. Lewis,9780060827878,Uitgelezen
The Hobbit,J.R.R. Tolkien,9780544174221,Uitgelezen
Warriors Cats - Into the Wild,Erin Hunter,9780062366962,Uitgelezen
CoderDojo Nano: Building a Website: Create with Code,Clyde Hatter,9781338156768,Uitgelezen
CoderDojo Nano: Make Your Own Game: Create with Code,"",9781405284103,Uitgelezen
Virus,Mirjam Mous,9789000340330,Uitgelezen
Boy 7,Mirjam Mous,9789000333462,Uitgelezen
Password,Mirjam Mous,9789000302604,Uitgelezen
Boy,J Bernlef,9789021435640,Uitgelezen
Maar ik ben jou niet,Nadine Swagerman,9789020609615,Uitgelezen
De antwoorden op de Grote Vragen,Stephen Hawking,9789000365043,Uitgelezen
Challenge: hoe ver wil je gaan?,Annemarie Bon,9789048842650,Uitgelezen
Meisje Vermist,Sophie Mckenzie,9789026142758,Uitgelezen
De moord op Queen_T,Tanja de Jonge,9789025114503,Uitgelezen
De Artemis Fowl files,Eoin Colfer,9781423132103,Uitgelezen
Knock-out,Cis Meijer,9789026143496,Uitgelezen
Val,Cis Meijer,9789026138287,Uitgelezen
Geloof me,Sophie McKenzie,9789026149375,Uitgelezen
Backpack,Marlies Slegers,9789024585762,Uitgelezen
De linkerhand van God,"Hoffman, Paul",9789044614015,Uitgelezen
Dubbel vermist,Tanja de Jonge,9789025112745,Uitgelezen
De kristallen sleutel,Manon Spierenburg,9789021016672,Uitgelezen
Broederschap Van De Bok,Reggie Naus,9789021676722,Uitgelezen
Man VS Beast,Robert Muchamore,9781416999454,Uitgelezen
In a Split Second,Sophie McKenzie,9781481413961,Uitgelezen
Buiten Zinnen,Mel Wallis de Vries,9789044326123,Uitgelezen
Obsessie,Joost Heyink,9789000306923,Uitgelezen
De stalker,Helen Vreeswijk,9789000342983,Uitgelezen
Messcherp,Catherine Johnson,9789086960538,Uitgelezen
Trash,Andy Mulligan,9789025760540,Uitgelezen
Belledonne kamer 16,Anke de Vries,9789060693322,Uitgelezen
"De verleiding: verliefd, verslaafd, verraden",Stine Eilskov Jensen,9789020634358,Uitgelezen
Zusje vermist,Sophie McKenzie,9789026139949,Uitgelezen
De Sleuteldrager,"Kunst, Marco",9789047704331,Uitgelezen
Schuld,"Simone van der Vlugt",9789056379766,Uitgelezen
Knalhard,Caja Cazemier,9789001866105,Uitgelezen
Haat kwadraat,Floortje Zwigtman (pseud. van Andrea Oostdijk.),9789031725106,Uitgelezen
Doorgeschoten,Mirjam Mous,9789000306848,Uitgelezen
H@ck: het Instituut,Mirjam Mous,9789000366309,Uitgelezen
2C,Mirjam Mous,9789000350155,Uitgelezen
Verdoofd,Cis Meijer,9789026136450,Uitgelezen
Het Eos-project,Mirjam Mous,9789000354634,Uitgelezen
Honderd uur nacht,Anna Woltz,9789045116617,Uitgelezen
Expeditie Toi Moko,Fedor de Beer,9789000352937,Uitgelezen
Naar de rand van de wereld,Dirk Weber,9789021414409,Uitgelezen
Stranders,Iris Stobbelaar,9789021675107,Uitgelezen
H.I.V.E.,Mark Walden,9781416935728,Uitgelezen
Dwars door de storm,Martine Letterie,9789025865405,Uitgelezen
Het kindertransport,Fedor de Beer,9789000334780,Uitgelezen
De geheime missie van het Benedict Genootschap,"",9789026101274,Uitgelezen
De levensgevaarlijke reis van het Benedict Genootschap,Trenton Lee Stewart,9789026124747,Uitgelezen
De onmogelijke opdracht van het Benedict Genootschap,Trenton Lee Stewart,9789026127885,Uitgelezen
Ronja de Roversdochter,Astrid Lindgren,9789021666976,Uitgelezen
De gebroeders Leeuwenhart,Astrid Lindgren,9789021666952,Uitgelezen
Harry Potter en de Steen der Wijzen,J. K. Rowling,9789076174082,Uitgelezen
Harry Potter en de Geheime Kamer,J.K. Rowling,9781781103470,Uitgelezen
Harry Potter en de Gevangene van Azkaban,J.K. Rowling,9781781103487,Uitgelezen
Harry Potter en de Vuurbeker,J.K. Rowling,9781781103494,Uitgelezen
Harry Potter en de Orde van de Feniks,J.K. Rowling,9781781103500,Uitgelezen
Harry Potter en de Halfbloed Prins,J.K. Rowling,9781781103517,Uitgelezen
Harry Potter en de Relieken van de Dood,J.K. Rowling,9781781103524,Uitgelezen
Gehaaid,Steven Hall,9789041414533,Uitgelezen
De Da Vinci code,Dan Brown,9789024575244,Uitgelezen
How to Teach Quantum Physics to Your Dog,Chad Orzel,9781416572299,Uitgelezen
"Harry Potter and the Cursed Child, Parts 1 & 2",J.K. Rowling,9781338099133,Uitgelezen
Een ongewone familie,Matt Haig,9789044335873,Uitgelezen
Eeuwig verbond,"Rebecca Maizee",9789025748197,Uitgelezen
The Principles of Beautiful Web Design,Jason Beaird,9781925836363,Uitgelezen
Clean Code: A Handbook of Agile Software Craftsmanship,Robert C. Martin,9780132350884,Uitgelezen
"Hallo wereld, hallo computer",Maurits Kaptein,9789047010418,Uitgelezen
Het internet is stuk,Marleen Stikker,9789044542684,Uitgelezen